{"cameraMode":{"drawMode":0,"name":"Shaded","section":"Shading Mode"},"sceneLighting":true,"audioPlay":false,"sceneViewState":{"m_AlwaysRefresh":false,"showFog":true,"showSkybox":true,"showFlares":true,"showImageEffects":true,"showParticleSystems":true,"showVisualEffectGraphs":true,"m_FxEnabled":true},"in2DMode":false,"pivot":{"x":-1.3770642280578614,"y":-1.1891765594482422,"z":5.030547142028809},"rotation":{"x":-0.21487699449062348,"y":0.7834674119949341,"z":-0.44010311365127566,"w":-0.3825242519378662},"size":12.492583274841309,"orthographic":false}